fecha,USD CCL,USD MEP,OFICIAL,EUR,UYU,Brecha
2019-07-01,42.36,42.36,42.36,44.26,,0
2019-07-02,42.17,42.17,42.17,44.07,,0
2019-07-03,42.04,42.04,42.04,43.94,,0
2019-07-04,41.82,41.82,41.82,43.72,,0
2019-07-05,41.82,41.82,41.82,43.72,,0
2019-07-10,41.86,41.86,41.86,43.76,,0
2019-07-11,41.72,41.72,41.72,43.62,,0
2019-07-12,41.59,41.59,41.59,43.49,,0
2019-07-15,42.39,42.39,42.39,44.29,,0
2019-07-16,42.68,42.68,42.68,44.58,,0
2019-07-17,42.52,42.52,42.52,44.42,,0
2019-07-18,42.43,42.43,42.43,44.33,,0
2019-07-19,42.43,42.43,42.43,44.33,,0
2019-07-22,42.46,42.46,42.46,44.36,,0
2019-07-23,42.67,42.67,42.67,44.57,,0
2019-07-24,42.89,42.89,42.89,44.79,,0
2019-07-25,43.39,43.39,43.39,45.29,,0
2019-07-26,43.34,43.34,43.34,45.24,,0
2019-07-29,43.83,43.83,43.83,45.73,,0
2019-07-30,43.95,43.95,43.95,45.85,,0
2019-07-31,43.88,43.88,43.88,45.78,,0
2019-08-01,44.36,44.36,44.36,46.26,,0
2019-08-02,44.65,44.65,44.65,46.55,,0
2019-08-05,45.46,45.46,45.46,47.36,,0
2019-08-06,45.32,45.32,45.32,47.22,,0
2019-08-07,45.57,45.57,45.57,47.47,,0
2019-08-08,45.24,45.24,45.24,47.14,,0
2019-08-09,45.31,45.31,45.31,47.21,,0
2019-08-12,53.0,53.0,53.0,54.9,,0
2019-08-13,55.65,55.65,55.65,57.55,,0
2019-08-14,60.08,60.08,60.08,61.98,,0
2019-08-15,57.25,57.25,57.25,59.15,,0
2019-08-16,54.8,54.8,54.8,56.7,,0
2019-08-20,54.73,54.73,54.73,56.63,,0
2019-08-21,55.0,55.0,55.0,56.9,,0
2019-08-22,55.11,55.11,55.11,57.01,,0
2019-08-23,55.15,55.15,55.15,57.05,,0
2019-08-26,55.3,55.3,55.3,57.2,,0
2019-08-27,56.26,56.26,56.26,58.16,,0
2019-08-28,58.02,58.02,58.02,59.92,,0
2019-08-29,57.88,57.88,57.88,59.78,,0
2019-08-30,59.5,59.5,59.5,61.4,,0
2019-09-02,61.5,60.27,56.02,63.4,,10
2019-09-03,62.0,60.76,55.35,63.9,,12
2019-09-04,62.5,61.25,56.01,64.4,,12
2019-09-05,63.0,61.74,56.02,64.9,,12
2019-09-06,63.5,62.23,55.84,65.4,,14
2019-09-09,64.0,60.8,56.01,65.9,,14
2019-09-10,65.0,61.75,56.03,66.9,,16
2019-09-11,66.0,62.7,56.18,67.9,,17
2019-09-12,69.0,65.55,56.12,70.9,,23
2019-09-13,73.0,69.35,56.12,74.9,,30
2019-09-16,71.0,67.45,56.27,72.9,,26
2019-09-17,70.5,66.98,56.5,72.4,,25
2019-09-18,69.0,65.55,56.5,70.9,,22
2019-09-19,69.0,65.9,56.57,70.9,,22
2019-09-20,68.5,65.59,56.67,70.4,,21
2019-09-23,68.0,65.28,56.93,69.9,,19
2019-09-24,65.5,63.54,56.9,67.4,,15
2019-09-25,64.25,62.32,57.07,66.15,,13
2019-09-26,64.0,61.92,57.22,65.9,,12
2019-09-27,62.75,60.87,57.33,64.65,,9
2019-09-30,63.25,61.35,57.59,65.15,,10
2019-10-01,67.0,63.65,57.64,68.9,,16
2019-10-02,66.5,62.51,57.82,68.4,,15
2019-10-03,66.0,62.7,57.74,67.9,,14
2019-10-04,67.0,63.32,57.73,68.9,,16
2019-10-07,65.5,62.23,57.84,67.4,,13
2019-10-08,66.5,63.18,57.85,68.4,,15
2019-10-09,68.0,64.6,57.99,69.9,,17
2019-10-10,68.0,64.94,57.99,69.9,,17
2019-10-11,68.5,66.27,58.04,70.4,,18
2019-10-15,68.5,66.45,58.27,70.4,,18
2019-10-16,69.4,67.32,58.35,71.3,,19
2019-10-17,74.0,71.04,58.32,75.9,,27
2019-10-18,74.0,71.04,58.35,75.9,37.4,27
2019-10-21,75.0,72.0,58.5,76.9,37.4,28
2019-10-22,79.0,75.45,58.65,80.9,37.43,35
2019-10-23,77.0,73.15,59.0,78.9,37.4,31
2019-10-24,78.5,74.58,59.45,80.4,37.4,32
2019-10-25,81.0,75.33,59.99,82.9,37.45,35
2019-10-28,81.5,77.02,59.5,83.4,37.5,37
2019-10-29,75.75,71.96,59.47,77.65,37.48,27
2019-10-30,78.5,74.77,59.72,80.4,37.48,31
2019-10-30,80.0,76.4,59.67,81.9,37.445,34
2019-11-01,80.5,76.07,59.75,82.4,37.43,35
2019-11-02,79.0,74.26,59.7,80.9,37.275,32
2019-11-05,78.5,73.4,59.65,80.4,37.38,32
2019-11-06,79.0,73.87,59.65,80.9,37.5,32
2019-11-07,78.75,73.63,59.6,80.65,37.45,32
2019-11-08,78.5,73.01,59.5,80.4,37.45,32
2019-11-11,77.0,72.38,59.5,78.9,37.48,29
2019-11-12,77.35,72.71,59.7,79.25,37.495,30
2019-11-13,76.0,71.44,59.72,77.9,37.56,27
2019-11-14,76.0,71.63,59.72,77.9,37.7,27
2019-11-15,76.25,72.06,59.67,78.15,37.655,28
2019-11-19,76.0,71.82,59.69,77.9,37.65,27
2019-11-20,75.5,71.91,59.72,77.4,37.67,26
2019-11-21,75.0,71.63,59.72,76.9,37.75,26
2019-11-22,75.0,71.63,59.77,76.9,37.77,25
2019-11-25,74.25,71.09,59.71,76.15,37.8,24
2019-11-26,73.0,70.24,59.94,74.9,37.915,22
2019-11-27,73.0,70.81,59.77,74.9,38.07,22
2019-11-28,73.15,70.77,59.77,75.05,38.084,22
2019-11-29,74.75,72.51,59.91,76.65,37.875,25
2019-12-02,75.25,72.62,59.98,77.15,37.705,25
2019-12-03,74.5,72.27,59.93,76.4,37.65,24
2019-12-04,76.25,73.77,59.88,78.15,37.82,27
2019-12-05,80.0,75.8,59.99,81.9,37.75,33
2019-12-06,79.0,75.05,59.94,80.9,37.7,32
2019-12-09,77.0,73.54,59.95,78.9,37.9,28
2019-12-10,75.5,72.48,59.99,77.4,37.95,26
2019-12-11,76.0,72.96,59.82,77.9,37.9,27
2019-12-12,73.5,70.56,59.82,75.4,37.85,23
2019-12-13,74.0,70.67,59.82,75.9,37.825,24
2019-12-16,76.0,73.34,59.82,77.9,37.67,27
2019-12-17,75.0,72.75,59.82,76.9,37.67,25
2019-12-18,73.25,71.42,59.82,75.15,37.67,22
2019-12-19,73.0,71.18,59.82,74.9,37.575,22
2019-12-20,73.0,71.54,59.82,74.9,37.6,22
2019-12-23,72.5,71.05,59.99,74.4,37.35,21
2019-12-26,73.0,71.72,59.89,74.9,37.05,22
2019-12-27,73.5,72.03,59.83,75.4,37.15,23
2019-12-30,74.5,72.64,59.91,76.4,37.35,24
2020-01-02,75.0,73.88,59.82,76.9,37.2,25
2020-01-03,76.0,74.48,59.82,77.9,37.35,27
2020-01-06,77.5,75.95,59.82,79.4,37.35,30
2020-01-07,78.0,76.44,59.82,79.9,37.5,30
2020-01-08,77.5,75.18,59.82,79.4,37.45,30
2020-01-09,78.25,75.9,59.82,80.15,37.35,31
2020-01-10,80.25,77.84,59.82,82.15,37.25,34
2020-01-13,80.75,78.73,59.95,82.65,37.45,35
2020-01-14,80.75,79.14,60.06,82.65,37.33,34
2020-01-15,81.25,79.83,59.95,83.15,37.37,36
2020-01-16,81.5,79.87,59.98,83.4,37.35,36
2020-01-17,80.75,79.34,60.0,82.65,37.39,35
2020-01-20,81.25,79.83,60.0,83.15,37.43,35
2020-01-21,81.25,79.83,60.1,83.15,37.95,35
2020-01-22,81.5,80.07,60.07,83.4,37.3,36
2020-01-23,84.0,81.69,60.08,85.9,37.275,40
2020-01-24,83.35,81.89,60.09,85.25,37.235,39
2020-01-27,84.0,82.32,60.17,85.9,37.415,40
2020-01-28,84.7,83.01,60.18,86.6,37.365,41
2020-01-29,84.0,82.32,60.23,85.9,37.4,39
2020-01-30,84.5,82.81,60.25,86.4,37.52,40
2020-01-31,85.5,83.79,60.35,87.4,37.6,42
2020-02-03,84.5,82.81,60.46,86.4,37.61,40
2020-02-04,85.0,83.3,60.58,86.9,37.555,40
2020-02-05,84.7,83.01,60.59,86.6,37.58,40
2020-02-06,84.5,82.81,60.69,86.4,37.585,39
2020-02-07,84.15,82.47,60.78,86.05,37.76,38
2020-02-10,84.0,82.32,60.98,85.9,37.745,38
2020-02-11,84.0,82.32,61.12,85.9,37.875,37
2020-02-12,83.0,81.34,61.23,84.9,38.025,36
2020-02-13,83.0,81.55,61.39,84.9,37.95,35
2020-02-14,83.15,81.78,61.46,85.05,37.895,35
2020-02-17,83.0,81.76,61.46,84.92,37.94,35
2020-02-18,81.75,80.52,61.66,83.68,38.053,33
2020-02-19,81.75,80.52,61.73,83.68,38.035,32
2020-02-20,81.25,80.44,61.79,83.18,38.27,31
2020-02-21,80.5,80.1,61.84,82.42,38.388,30
2020-02-26,80.5,79.7,62.09,82.42,38.663,30
2020-02-27,80.5,79.57,62.14,82.41,38.95,30
2020-02-28,81.5,80.48,62.21,83.41,39.158,31
2020-03-02,82.75,81.51,62.26,84.65,39.158,33
2020-03-03,82.0,80.69,62.31,83.9,39.663,32
2020-03-04,81.75,80.4,62.36,83.65,40.138,31
2020-03-05,81.75,80.52,62.42,83.64,40.775,31
2020-03-06,82.8,81.35,62.48,84.69,40.775,33
2020-03-09,86.0,84.28,62.53,87.87,42.838,38
2020-03-10,84.75,83.27,62.59,86.64,43.238,35
2020-03-11,87.5,85.75,62.67,89.39,43.553,40
2020-03-12,89.5,87.49,62.82,91.39,44.578,42
2020-03-13,89.25,87.24,62.9,91.15,44.623,42
2020-03-16,89.25,87.24,63.04,91.14,45.54,42
2020-03-17,88.25,86.71,63.18,90.16,45.478,40
2020-03-18,90.0,88.88,63.33,91.92,46.078,42
2020-03-19,89.25,88.8,63.55,91.19,45.35,40
2020-03-20,90.0,89.78,63.77,91.93,44.5,41
2020-03-25,88.0,87.78,64.05,89.92,43.408,37
2020-03-26,84.5,83.66,64.23,86.41,43.063,32
2020-03-27,86.5,85.2,64.41,88.4,43.625,34
2020-03-30,86.0,84.93,64.47,87.91,43.613,33
2020-04-01,88.0,87.12,64.53,89.91,44.008,36
2020-04-02,88.75,87.86,64.72,90.67,44.325,37
2020-04-03,89.0,88.11,64.91,90.93,44.5,37
2020-04-06,90.25,89.12,64.99,92.18,43.413,39
2020-04-07,90.5,89.37,65.07,92.42,43.088,39
2020-04-08,95.0,94.05,65.16,96.92,43.125,46
2020-04-13,102.5,101.48,65.38,104.42,43.575,57
2020-04-14,108.5,106.87,65.5,110.41,43.325,66
2020-04-15,110.0,107.8,65.62,111.92,43.575,68
2020-04-16,102.0,98.94,65.74,103.92,43.5,55
2020-04-17,101.75,98.95,65.86,103.67,43.28,54
2020-04-20,106.0,103.62,65.98,107.92,43.088,61
2020-04-21,109.0,107.37,66.09,110.92,43.175,65
2020-04-22,111.0,109.34,66.23,112.92,43.075,68
2020-04-23,112.0,110.04,66.32,113.93,43.143,69
2020-04-24,111.0,108.78,66.43,112.92,43.688,67
2020-04-27,115.25,112.95,66.53,117.17,43.325,73
2020-04-28,117.75,115.4,66.63,119.67,42.94,77
2020-04-29,111.0,109.34,66.75,112.92,42.4,66
2020-04-30,114.0,112.29,66.84,115.91,42.85,71
2020-05-01,114.0,112.29,66.84,115.91,42.85,71
2020-05-04,114.0,110.58,66.93,115.92,42.788,70
2020-05-05,119.0,116.32,67.0,120.92,42.58,78
2020-05-06,118.25,115.59,67.1,120.18,43.313,76
2020-05-07,118.0,115.35,67.19,119.92,44.163,76
2020-05-08,116.5,114.17,67.27,118.42,43.825,73
2020-05-11,117.75,115.1,67.37,119.67,43.838,75
2020-05-12,121.0,118.28,67.46,122.92,43.913,79
2020-05-13,125.5,122.68,67.54,127.42,43.86,86
2020-05-14,122.0,118.95,67.64,123.93,44.195,80
2020-05-15,121.0,117.67,67.73,122.92,44.175,79
2020-05-18,118.0,114.76,67.82,119.92,44.175,74
2020-05-19,118.0,113.58,67.9,119.92,43.513,74
2020-05-20,118.75,114.59,68.0,120.66,43.275,75
2020-05-21,118.5,114.06,68.09,120.41,43.4,74
2020-05-22,114.0,110.01,68.18,115.92,43.373,67
2020-05-25,114.0,110.01,68.18,115.92,43.373,67
2020-05-26,110.0,105.6,68.27,111.91,43.088,61
2020-05-27,110.0,105.6,68.36,111.91,43.325,61
2020-05-28,113.0,107.35,68.45,114.9,43.238,65
2020-05-29,115.0,109.25,68.54,116.9,43.263,68
2020-06-01,116.0,110.2,68.63,117.9,43.338,69
2020-06-02,116.0,107.88,68.71,117.9,43.113,69
2020-06-03,117.0,108.81,68.81,118.89,43.0,70
2020-06-04,118.0,110.92,68.9,119.88,42.875,71
2020-06-05,117.0,111.15,68.99,118.89,42.538,70
2020-06-08,118.5,112.58,69.08,120.39,42.35,72
2020-06-09,117.0,109.98,69.17,118.88,42.638,69
2020-06-10,116.0,109.04,69.26,117.88,42.823,67
2020-06-11,114.0,107.16,69.31,115.89,43.018,64
2020-06-12,112.5,105.75,69.37,114.39,42.6,62
2020-06-16,112.5,105.75,69.37,114.39,42.6,62
2020-06-17,108.5,105.25,69.67,110.39,42.42,56
2020-06-18,109.0,105.73,69.74,110.89,42.688,56
2020-06-19,109.0,106.82,69.8,110.89,42.688,56
2020-06-22,108.5,107.42,69.97,110.39,42.288,55
2020-06-23,109.5,107.31,70.03,111.38,42.168,56
2020-06-24,108.5,106.33,70.1,110.39,42.125,55
2020-06-25,108.5,104.16,70.16,110.39,42.125,55
2020-06-26,107.0,103.79,70.22,108.89,42.05,52
2020-06-29,105.0,100.8,70.4,106.89,42.225,49
2020-06-30,105.0,99.75,70.46,106.89,42.203,49
2020-07-01,108.5,104.16,70.52,110.39,42.273,54
2020-07-02,110.0,105.6,70.58,111.89,42.568,56
2020-07-03,110.0,105.6,70.64,111.89,42.7,56
2020-07-06,108.5,106.33,70.82,110.38,43.213,53
2020-07-07,109.5,108.41,70.87,111.39,43.57,55
2020-07-08,109.5,108.41,70.94,111.38,43.65,54
2020-07-13,111.5,109.83,71.24,113.38,43.65,57
2020-07-14,113.0,111.31,71.3,114.88,43.823,58
2020-07-15,113.5,111.8,71.36,115.38,43.85,59
2020-07-16,116.0,114.26,71.42,117.88,43.885,62
2020-07-17,118.0,115.64,71.48,119.87,43.71,65
2020-07-20,120.0,117.6,71.66,121.87,43.363,67
2020-07-21,119.0,116.62,71.72,120.87,43.078,66
2020-07-22,117.0,114.66,71.78,118.86,42.605,63
2020-07-23,115.0,112.13,71.84,116.86,42.413,60
2020-07-24,116.5,113.59,71.9,118.36,42.313,62
2020-07-27,117.0,114.66,72.08,118.85,42.405,62
2020-07-28,118.0,115.64,72.14,119.85,42.378,64
2020-07-29,118.0,115.64,72.2,119.85,42.498,63
2020-07-30,122.0,119.56,72.26,123.84,42.553,69
2020-07-31,122.0,119.56,72.32,123.85,42.348,69
2020-08-03,122.5,121.28,72.52,124.35,42.558,69
2020-08-04,119.0,116.62,72.57,120.85,42.695,64
2020-08-05,120.0,117.6,72.62,121.84,42.565,65
2020-08-06,124.0,121.52,72.7,125.84,42.705,71
2020-08-07,128.0,125.44,72.77,129.85,42.65,76
2020-08-10,129.0,126.42,72.95,130.85,42.45,77
2020-08-11,130.0,126.75,73.0,131.85,42.44,78
2020-08-12,131.0,127.07,73.05,132.85,42.528,79
2020-08-13,130.5,125.93,73.11,132.35,42.45,78
2020-08-14,127.0,123.19,73.16,128.84,42.505,74
2020-08-18,130.0,126.1,73.4,131.84,42.663,77
2020-08-19,131.0,127.07,73.48,132.84,42.928,78
2020-08-20,133.0,129.01,73.53,134.84,43.188,81
2020-08-21,134.0,129.98,73.58,135.85,42.825,82
2020-08-24,133.5,129.5,73.73,135.35,42.738,81
2020-08-25,131.0,127.07,73.81,132.85,42.738,77
2020-08-26,128.0,124.16,73.86,129.85,42.695,73
2020-08-27,126.5,122.71,73.94,128.35,42.668,71
2020-08-28,125.5,121.74,74.0,127.34,42.5,70
2020-08-31,125.0,120.63,74.18,126.84,42.59,69
2020-09-02,125.0,120.63,74.32,126.84,42.65,68
2020-09-03,124.0,119.66,74.38,125.84,42.53,67
2020-09-04,122.5,118.21,74.44,124.34,42.44,65
2020-09-07,121.5,117.25,74.44,123.35,42.425,63
2020-09-08,124.0,119.66,74.71,125.85,42.568,66
2020-09-09,126.0,122.22,74.77,127.85,42.55,69
2020-09-10,128.5,124.65,74.84,130.35,42.525,72
2020-09-11,128.5,123.36,74.91,130.34,42.463,72
2020-09-14,130.5,123.98,75.12,132.34,42.463,74
2020-09-15,128.5,122.72,75.19,130.34,42.468,71
2020-09-16,134.0,128.64,75.25,135.85,42.415,78
2020-09-17,134.5,129.12,75.32,136.34,42.458,79
2020-09-18,140.0,133.0,75.38,141.84,42.433,86
2020-09-21,148.0,139.12,75.59,149.85,42.42,96
2020-09-22,150.0,140.25,75.65,151.85,42.405,98
2020-09-23,160.0,144.0,75.72,161.86,42.37,111
2020-09-24,150.0,138.0,75.78,151.86,42.44,98
2020-09-25,150.0,139.5,75.85,151.86,42.535,98
2020-09-28,150.0,141.75,76.06,151.86,42.483,97
2020-09-29,152.0,142.88,76.12,153.85,42.483,100
2020-09-30,150.0,141.75,76.18,151.85,42.55,97
2020-10-01,151.0,143.45,76.25,152.85,42.535,98
2020-10-02,155.0,145.7,76.95,156.85,42.55,101
2020-10-05,155.0,145.7,77.01,156.85,42.505,101
2020-10-06,156.0,145.08,77.08,157.85,42.518,102
2020-10-07,156.0,145.08,77.11,157.85,42.57,102
2020-10-08,156.0,145.08,77.11,157.85,42.57,102
2020-10-09,160.0,147.2,77.15,161.85,42.578,107
2020-10-13,161.0,146.51,77.4,162.85,42.578,108
2020-10-14,168.0,154.56,77.48,169.85,42.648,117
2020-10-15,170.0,156.4,77.47,171.85,42.82,119
2020-10-16,170.0,156.4,77.52,171.85,42.898,119
2020-10-19,170.0,158.1,77.59,171.85,42.78,119
2020-10-20,170.0,158.1,77.59,171.85,42.78,119
2020-10-21,180.0,167.4,77.75,181.84,42.678,132
2020-10-22,180.0,165.6,78.08,181.85,42.673,131
2020-10-23,175.0,161.0,78.13,176.84,42.66,124
2020-10-26,170.0,156.4,78.26,171.85,42.65,117
2020-10-27,163.0,153.22,78.3,164.85,42.718,108
2020-10-28,160.0,150.4,78.31,161.85,42.878,104
2020-10-29,158.0,148.52,78.3,159.86,42.958,102
2020-10-30,158.0,148.52,78.32,159.86,43.013,102
2020-11-02,150.0,141.0,78.69,151.86,43.013,91
2020-11-03,153.0,143.82,78.93,154.85,42.9,94
2020-11-04,154.0,146.3,79.03,155.85,42.873,95
2020-11-05,153.0,145.35,79.1,154.85,42.755,93
2020-11-06,153.0,145.35,79.1,154.84,42.748,93
2020-11-09,148.0,141.34,79.35,149.85,42.633,87
2020-11-10,150.0,143.25,79.43,151.85,42.703,89
2020-11-11,150.0,143.25,79.43,151.85,42.703,89
2020-11-12,148.0,142.08,79.56,149.85,42.863,86
2020-11-13,149.0,143.04,79.75,150.85,42.933,87
2020-11-16,150.0,144.38,79.97,151.84,42.843,88
2020-11-17,150.0,144.38,80.04,151.84,42.755,87
2020-11-18,152.0,147.82,80.15,153.84,42.7,90
2020-11-19,154.0,150.15,80.28,155.84,42.815,92
2020-11-20,152.0,148.96,80.35,153.84,42.77,89
2020-11-24,152.0,148.96,80.7,153.84,42.625,88
2020-11-25,152.0,148.2,80.79,153.84,42.633,88
2020-11-26,152.0,148.2,80.79,153.84,42.625,88
2020-11-27,152.0,148.2,81.07,153.84,42.62,87
2020-11-30,151.0,147.23,81.31,152.84,42.538,86
2020-12-01,150.0,145.5,81.43,151.83,42.37,84
2020-12-02,148.5,144.05,81.49,150.33,42.615,82
2020-12-03,146.5,142.11,81.56,148.32,42.59,80
2020-12-04,145.0,140.65,81.65,146.82,42.703,78
2020-12-09,144.0,139.68,82.04,145.83,42.568,76
2020-12-10,142.75,138.47,82.13,144.57,42.475,74
2020-12-11,142.0,138.45,82.21,143.83,42.443,73
2020-12-14,144.0,141.12,82.45,145.82,42.378,75
2020-12-15,145.0,142.1,82.53,146.82,42.428,76
2020-12-16,144.0,141.12,82.62,145.82,42.423,74
2020-12-17,143.0,141.21,82.71,144.82,42.345,73
2020-12-18,143.0,141.21,82.84,144.82,42.1,73
2020-12-21,141.0,139.59,83.15,142.82,42.17,70
2020-12-22,142.0,140.58,83.26,143.82,42.183,71
2020-12-23,143.0,141.57,83.35,144.82,42.285,72
2020-12-28,143.25,142.18,83.9,145.07,42.178,71
2020-12-29,143.5,142.42,84.03,145.32,42.215,71
2020-12-30,143.5,142.07,84.15,145.31,42.353,71
2021-01-04,145.5,144.05,84.7,147.32,42.155,72
2021-01-05,147.0,145.53,84.8,148.81,42.288,73
2021-01-06,147.5,146.03,84.91,149.31,42.288,74
2021-01-07,149.0,147.51,85.0,150.82,42.51,75
2021-01-08,149.5,148.01,85.12,151.32,42.443,76
2021-01-11,150.5,147.87,85.37,152.32,42.625,76
2021-01-12,150.5,147.49,85.47,152.32,42.445,76
2021-01-13,150.5,147.11,85.55,152.32,42.395,76
2021-01-14,150.5,147.11,85.64,152.32,42.368,76
2021-01-15,150.5,147.11,85.74,152.33,42.388,76
2021-01-18,151.0,147.98,86.21,152.82,42.185,75
2021-01-19,151.0,147.98,86.21,152.82,42.185,75
2021-01-20,150.5,147.49,86.35,152.33,42.1,74
2021-01-21,152.0,148.2,86.43,153.82,42.175,76
2021-01-22,152.0,147.44,86.57,153.82,42.148,76
2021-01-25,153.0,148.41,86.9,154.82,42.058,76
2021-01-26,153.0,148.41,87.02,154.82,42.05,76
2021-01-27,153.0,148.41,87.11,154.83,42.243,76
2021-01-28,154.5,149.87,87.2,156.32,42.305,77
2021-01-29,154.5,149.09,87.33,156.32,42.243,77
2021-02-01,154.25,149.24,87.6,156.08,42.27,76
2021-02-02,155.0,149.58,87.7,156.83,42.335,77
2021-02-03,155.5,150.45,87.8,157.33,42.473,77
2021-02-04,157.0,151.51,87.91,158.84,42.608,79
2021-02-05,156.5,151.02,88.0,158.33,42.54,78
2021-02-08,156.0,150.54,88.17,157.83,42.515,77
2021-02-09,155.5,150.84,88.26,157.33,42.603,76
2021-02-10,155.5,150.84,88.36,157.33,42.705,76
2021-02-11,153.0,148.41,88.45,154.82,42.638,73
2021-02-12,152.5,147.93,88.54,154.33,42.645,72
2021-02-16,152.5,147.93,88.54,154.33,42.645,72
2021-02-17,148.0,143.56,88.94,149.83,42.84,66
2021-02-18,146.0,141.62,89.06,147.83,42.84,64
2021-02-19,144.0,139.68,89.14,145.83,42.83,62
2021-02-22,142.0,137.74,89.43,143.89,42.98,59
2021-02-23,143.5,139.55,89.53,145.32,43.013,60
2021-02-24,143.5,139.55,89.53,145.32,43.013,60
2021-02-25,148.0,143.56,89.75,149.82,43.225,65
2021-02-26,149.0,144.53,89.82,150.83,43.155,66
2021-03-01,149.0,144.53,90.09,150.83,43.155,65
2021-03-02,150.0,145.5,90.15,151.83,43.38,66
2021-03-03,152.0,147.06,90.23,153.83,44.04,68
2021-03-04,153.0,146.88,90.29,154.84,44.063,69
2021-03-05,153.25,146.35,90.37,155.09,44.35,70
2021-03-08,153.25,146.35,90.57,155.09,44.56,69
2021-03-09,155.0,147.25,90.66,156.84,44.588,71
2021-03-10,151.0,143.45,90.72,152.84,44.488,66
2021-03-11,151.0,144.96,90.72,152.84,44.493,66
2021-03-12,151.0,144.96,90.85,152.84,44.493,66
2021-03-15,152.0,145.16,91.06,153.84,44.525,67
2021-03-16,151.5,145.06,91.13,153.34,44.49,66
2021-03-17,151.75,145.3,91.2,153.58,44.508,66
2021-03-18,152.5,146.02,91.3,154.34,44.345,67
2021-03-19,150.5,144.1,91.36,152.34,44.2,65
2021-03-22,150.5,143.73,91.57,152.34,44.21,64
2021-03-23,150.0,143.25,91.64,151.84,44.135,64
2021-03-25,148.0,140.6,91.77,149.85,44.398,61
2021-03-26,146.5,138.81,91.84,148.35,44.48,60
2021-03-29,147.5,140.13,91.9,149.35,44.225,61
2021-03-30,148.0,140.97,92.0,149.85,44.225,61
2021-03-31,148.5,141.45,92.1,150.35,44.225,61
2021-04-05,149.0,142.3,92.24,150.85,44.225,62
2021-04-06,151.0,143.83,92.28,152.84,44.168,64
2021-04-07,151.5,144.3,92.33,153.34,44.038,64
2021-04-08,151.75,144.54,92.38,153.59,43.94,64
2021-04-09,152.0,144.78,92.44,153.84,44.053,64
2021-04-12,152.0,144.02,92.58,153.84,44.233,64
2021-04-13,152.0,143.26,92.64,153.84,44.263,64
2021-04-14,151.75,143.02,92.67,153.59,44.15,64
2021-04-15,152.5,143.88,92.72,154.34,44.12,64
2021-04-19,152.25,143.88,92.92,154.08,44.283,64
2021-04-20,153.5,145.06,92.97,155.33,44.233,65
2021-04-21,154.0,145.92,93.04,155.83,44.165,66
2021-04-22,153.0,145.35,93.07,154.83,44.093,64
2021-04-23,153.75,147.6,93.12,155.58,44.06,65
2021-04-26,155.0,150.35,93.28,156.83,44.048,66
2021-04-27,155.5,150.84,93.34,157.33,44.048,67
2021-04-28,157.0,152.68,93.44,158.82,43.94,68
2021-04-29,157.75,153.02,93.5,159.57,43.84,69
2021-04-30,158.0,153.66,93.56,159.83,43.893,69
2021-05-03,159.0,154.23,93.67,160.83,43.895,70
2021-05-04,160.0,155.2,93.71,161.83,44.073,71
2021-05-05,160.0,155.2,93.75,161.83,44.098,71
2021-05-06,158.75,154.38,93.8,160.58,43.97,69
2021-05-07,159.0,154.23,93.85,160.82,43.853,69
2021-05-10,159.0,153.83,93.93,160.82,43.98,69
2021-05-11,158.0,152.47,93.96,159.82,43.985,68
2021-05-12,158.0,152.47,93.99,159.83,44.15,68
2021-05-13,159.5,153.92,94.02,161.33,44.18,70
2021-05-14,159.0,153.44,94.05,160.82,44.165,69
2021-05-17,160.5,154.88,94.17,162.32,44.165,70
2021-05-18,162.5,156.81,94.17,164.32,44.075,73
2021-05-19,163.75,157.61,94.21,165.57,44.145,74
2021-05-20,165.0,158.4,94.25,166.82,44.045,75
2021-05-21,165.5,158.88,94.28,167.32,44.125,76
2021-05-26,165.0,158.4,94.49,166.82,44.125,75
2021-05-27,164.75,158.57,94.52,166.57,43.768,74
2021-05-28,165.0,159.23,94.57,166.82,43.875,74
2021-05-31,165.0,159.23,94.57,166.82,43.875,74
2021-06-01,166.5,160.67,94.73,168.32,43.718,76
2021-06-02,167.75,161.88,94.78,169.57,43.81,77
2021-06-03,167.5,161.64,94.82,169.32,43.688,77
2021-06-04,166.75,160.91,94.86,168.57,43.16,76
2021-06-07,166.5,160.67,94.97,168.32,43.563,75
2021-06-08,167.0,160.74,95.01,168.82,43.525,76
2021-06-09,166.0,159.36,95.06,167.82,43.525,75
2021-06-10,165.5,159.29,95.06,167.32,43.525,74
2021-06-11,165.25,158.23,95.11,167.08,43.69,74
2021-06-14,164.25,157.68,95.25,166.08,43.623,72
2021-06-15,165.0,158.4,95.3,166.82,43.643,73
2021-06-16,166.0,159.36,95.31,167.83,43.685,74
2021-06-17,167.25,160.89,95.37,169.09,43.758,75
2021-06-18,167.0,160.74,95.38,168.84,43.825,75
2021-06-22,168.0,162.12,95.5,169.84,43.55,76
2021-06-23,168.5,162.18,95.54,170.34,43.43,76
2021-06-24,169.25,162.9,95.56,171.09,43.458,77
2021-06-25,170.75,164.77,95.6,172.59,43.518,79
2021-06-28,171.0,165.44,95.7,172.84,43.56,79
2021-06-29,170.5,164.96,95.7,172.34,43.56,78
2021-06-30,171.5,165.93,95.72,173.34,43.608,79
2021-07-01,171.0,165.87,95.76,172.84,43.653,79
2021-07-02,172.0,166.84,95.79,173.84,43.795,80
2021-07-05,172.0,166.84,95.79,173.84,43.795,80
2021-07-06,173.0,168.24,95.91,174.85,43.97,80
2021-07-07,174.0,168.78,95.94,175.85,44.035,81
2021-07-08,173.5,167.86,95.99,175.34,43.975,81
2021-07-12,172.0,166.41,96.06,173.84,43.94,79
2021-07-13,172.0,166.41,96.12,173.85,43.96,79
2021-07-14,173.0,166.51,96.16,174.84,43.912,80
2021-07-15,174.0,167.04,96.18,175.85,43.868,81
2021-07-16,175.25,167.8,96.22,177.1,43.878,82
2021-07-19,178.0,169.1,96.31,179.85,43.985,85
2021-07-20,178.5,168.68,96.34,180.35,43.893,85
2021-07-21,179.5,169.63,96.36,181.35,43.81,86
2021-07-22,180.0,169.65,96.41,181.85,43.718,87
2021-07-23,180.0,171.0,96.43,181.85,43.718,87
2021-07-26,180.5,169.67,96.54,182.35,43.79,87
2021-07-27,181.0,169.69,96.57,182.85,43.808,87
2021-07-28,180.5,169.67,96.61,182.34,43.783,87
2021-07-29,181.0,170.14,96.64,182.84,43.675,87
2021-07-30,181.25,170.38,96.69,183.09,43.703,87
2021-08-02,181.25,170.38,96.79,183.09,43.585,87
2021-08-03,180.75,169.45,96.81,182.59,43.648,87
2021-08-04,179.0,169.16,96.83,180.84,43.713,85
2021-08-05,178.75,170.26,96.89,180.6,43.685,84
2021-08-06,178.0,170.88,96.9,179.85,43.698,84
2021-08-09,177.5,170.4,97.0,179.35,43.66,83
2021-08-10,177.25,170.16,97.03,179.1,43.638,83
2021-08-11,177.5,170.4,97.04,179.35,43.543,83
2021-08-12,175.0,168.88,97.07,176.85,43.355,80
2021-08-13,177.75,170.64,97.11,179.6,43.3,83
2021-08-17,177.0,170.81,97.25,178.85,43.3,82
2021-08-18,177.0,171.69,97.26,178.85,43.133,82
2021-08-19,179.5,174.12,97.28,181.36,43.178,85
2021-08-20,179.25,173.87,97.31,181.1,43.178,84
2021-08-23,176.25,169.64,97.4,178.1,42.925,81
2021-08-24,175.5,170.24,97.45,177.35,42.798,80
2021-08-25,177.0,171.69,97.48,178.85,42.798,82
2021-08-26,178.0,172.66,97.53,179.85,42.603,83
2021-08-30,175.75,170.92,97.71,177.6,42.413,80
2021-08-31,176.75,171.89,97.74,178.6,42.49,81
2021-09-01,177.0,171.69,97.78,178.84,42.545,81
2021-09-02,177.5,172.62,97.83,179.34,42.6,81
2021-09-03,178.0,173.55,97.85,179.84,42.665,82
2021-09-07,178.0,172.66,97.99,179.84,42.588,82
2021-09-08,178.5,173.15,98.01,180.35,42.728,82
2021-09-09,180.5,175.09,98.05,182.35,42.665,84
2021-09-10,182.5,177.03,98.09,184.35,42.74,86
2021-09-13,179.0,173.63,98.19,180.85,42.723,82
2021-09-14,179.0,173.63,98.21,180.85,42.673,82
2021-09-15,178.75,173.39,98.25,180.6,42.64,82
2021-09-16,180.5,174.18,98.3,182.35,42.638,84
2021-09-17,181.75,174.93,98.36,183.6,42.685,85
2021-09-20,185.0,177.6,98.46,186.85,42.853,88
2021-09-21,186.0,176.7,98.47,187.85,42.725,89
2021-09-22,188.0,177.66,98.49,189.86,42.605,91
2021-09-23,189.75,179.31,98.54,191.6,42.585,93
2021-09-24,192.0,181.44,98.56,193.85,42.693,95
2021-09-27,193.0,181.9,98.63,194.86,42.708,96
2021-09-28,195.0,180.38,98.66,196.86,42.83,98
2021-09-29,194.5,179.91,98.72,196.36,42.893,97
2021-09-30,192.25,176.87,98.74,194.11,42.943,95
2021-10-01,192.5,179.03,98.79,194.36,42.943,95
2021-10-04,192.0,176.64,98.86,193.86,42.988,94
2021-10-05,190.0,175.75,98.89,191.86,43.048,92
2021-10-06,191.5,180.01,98.92,193.37,43.278,94
2021-10-07,191.0,181.45,98.94,192.87,43.32,93
2021-10-12,191.75,182.16,99.09,193.62,43.633,94
2021-10-13,192.25,183.12,99.12,194.11,43.768,94
2021-10-14,193.5,184.31,99.16,195.36,43.915,95
2021-10-15,194.25,187.45,99.18,196.11,43.828,96
2021-10-18,195.25,187.93,99.27,197.11,43.763,97
2021-10-19,195.5,187.68,99.31,197.36,43.818,97
2021-10-20,196.0,188.65,99.35,197.86,43.77,97
2021-10-21,198.5,190.56,99.37,200.36,43.91,100
2021-10-22,200.5,191.98,99.39,202.36,43.848,102
2021-10-25,200.0,189.5,99.48,201.86,43.623,101
2021-10-26,200.5,190.48,99.56,202.36,43.555,101
2021-10-27,202.0,191.9,99.65,203.86,43.73,103
2021-10-28,206.0,195.7,99.69,207.86,43.97,107
2021-10-29,208.75,198.31,99.72,210.61,44.193,109
2021-11-01,215.0,203.18,99.81,216.86,44.155,115
2021-11-02,217.0,205.07,99.86,218.86,44.155,117
2021-11-03,215.0,204.25,99.91,216.86,44.145,115
2021-11-04,216.5,204.59,99.96,218.37,43.863,117
2021-11-05,216.0,205.2,99.94,217.86,43.618,116
2021-11-08,215.5,203.11,100.06,217.36,43.505,115
2021-11-09,212.5,199.75,100.11,214.36,43.54,112
2021-11-10,213.75,200.93,100.15,215.62,43.73,113
2021-11-11,214.0,201.16,100.15,215.87,43.73,114
2021-11-12,215.0,201.03,100.22,216.87,44.138,115
2021-11-15,209.0,196.46,100.22,210.88,44.025,109
2021-11-16,212.0,200.34,100.29,213.88,44.06,111
2021-11-17,213.5,201.22,100.35,215.38,44.095,113
2021-11-18,214.5,202.17,100.41,216.38,44.193,114
2021-11-19,215.0,203.18,100.46,216.89,44.1,114
2021-11-22,215.0,203.18,100.46,216.89,44.008,114
2021-11-23,217.0,205.07,100.52,218.89,44.11,116
2021-11-24,217.0,205.07,100.62,218.89,44.125,116
2021-11-25,217.0,205.07,100.62,218.89,44.125,116
2021-11-26,214.0,201.16,100.8,215.88,44.198,112
2021-11-29,212.0,198.22,100.94,213.89,44.015,110
2021-11-30,215.5,201.49,100.96,217.38,44.088,113
2021-12-01,216.5,203.51,101.0,218.38,44.143,114
2021-12-02,218.0,204.92,101.1,219.88,44.165,116
2021-12-03,220.0,204.6,101.16,221.88,44.145,117
2021-12-06,219.0,202.58,101.28,220.89,44.155,116
2021-12-07,217.0,200.73,101.42,218.89,44.155,114
2021-12-09,211.0,196.23,101.54,212.89,44.198,108
2021-12-10,210.0,196.35,101.55,211.88,44.24,107
2021-12-13,207.0,195.1,101.7,208.89,44.233,104
2021-12-14,204.5,193.25,101.7,206.39,44.233,101
2021-12-15,202.0,191.9,101.82,203.89,44.38,98
2021-12-16,203.5,194.34,101.9,205.38,44.478,100
2021-12-17,205.0,197.83,101.98,206.89,44.345,101
2021-12-20,208.0,201.76,102.13,209.89,44.33,104
2021-12-21,209.0,201.69,102.24,210.89,44.323,104
2021-12-22,209.0,201.16,102.26,210.88,44.39,104
2021-12-23,205.0,197.83,102.3,206.88,44.413,100
2021-12-27,200.0,194.5,102.54,201.88,44.48,95
2021-12-28,200.5,193.48,102.62,202.39,44.475,95
2021-12-29,201.0,193.97,102.68,202.88,44.683,96
2021-12-30,202.0,194.93,102.72,203.88,44.688,97
2022-01-03,204.0,196.86,103.0,205.89,44.595,98
2022-01-04,205.0,196.8,103.09,206.89,44.728,99
2022-01-05,207.0,198.72,103.14,208.88,44.733,101
2022-01-06,211.0,202.56,103.24,212.89,44.733,104
2022-01-07,210.5,202.08,103.28,212.38,44.56,104
2022-01-10,213.0,204.48,103.51,214.88,44.7,106
2022-01-11,211.0,202.56,103.56,212.88,44.658,104
2022-01-12,210.0,201.6,103.68,211.87,44.64,103
2022-01-13,208.25,200.44,103.77,210.12,44.553,101
2022-01-14,208.5,200.68,103.84,210.38,44.588,101
2022-01-17,208.5,200.68,103.84,210.38,44.588,101
2022-01-18,211.0,203.09,104.17,212.88,44.578,103
2022-01-19,213.5,205.49,104.24,215.38,44.628,105
2022-01-20,220.5,211.13,104.31,222.38,44.605,111
2022-01-21,223.5,213.44,104.34,225.38,44.523,114
2022-01-24,226.0,215.83,104.53,227.88,44.523,116
2022-01-25,228.0,217.74,104.6,229.88,44.523,118
2022-01-26,230.0,218.5,104.68,231.88,44.523,120
2022-01-27,234.5,222.78,104.77,236.38,44.523,124
2022-01-28,225.0,216.0,104.84,226.88,44.523,115
2022-01-31,223.0,212.97,105.02,224.89,44.125,112
2022-02-01,223.0,214.64,105.12,224.89,43.788,112
2022-02-02,220.0,211.2,105.2,221.88,43.745,109
2022-02-03,220.5,211.68,105.31,222.37,43.773,109
2022-02-04,220.0,211.2,105.41,221.87,43.7,109
2022-02-07,219.5,210.72,105.68,221.37,43.678,108
2022-02-08,216.5,207.84,105.82,218.38,43.385,105
2022-02-09,214.0,205.44,105.89,215.88,43.225,102
2022-02-10,214.5,206.46,106.01,216.37,43.188,102
2022-02-11,215.0,206.4,106.15,216.88,42.925,103
2022-02-14,214.0,206.51,106.36,215.88,43.088,101
2022-02-15,213.0,205.55,106.47,214.88,43.05,100
2022-02-16,212.0,204.58,106.58,213.88,42.938,99
2022-02-17,210.0,202.65,106.67,211.88,43.05,97
2022-02-18,207.0,200.27,106.78,208.88,42.978,94
2022-02-21,207.0,200.27,106.78,208.88,42.978,94
2022-02-22,203.0,196.91,107.19,204.88,42.55,89
2022-02-23,203.0,196.91,107.28,204.88,42.55,89
2022-02-24,203.0,196.91,107.38,204.89,43.1,89
2022-02-25,200.0,194.0,107.45,201.89,42.513,86
2022-03-02,201.5,195.46,107.93,203.4,42.68,87
2022-03-03,201.0,195.98,108.03,202.9,42.538,86
2022-03-04,201.0,196.48,108.13,202.92,42.69,86
2022-03-07,200.0,195.0,108.44,201.92,42.813,84
2022-03-08,199.0,194.52,108.56,200.92,42.75,83
2022-03-09,194.0,189.64,108.56,195.92,42.75,79
2022-03-10,192.0,189.12,108.77,193.91,42.575,77
2022-03-11,190.0,188.1,108.88,191.92,42.65,75
2022-03-14,188.5,186.62,109.2,190.42,42.73,73
2022-03-15,190.0,188.1,109.32,191.91,42.788,74
2022-03-16,195.0,193.05,109.41,196.91,42.665,78
2022-03-17,196.0,195.02,109.51,197.9,42.5,79
2022-03-18,195.5,194.52,109.61,197.4,42.5,78
2022-03-21,197.5,196.51,109.97,199.41,42.54,80
2022-03-22,200.0,199.0,110.07,201.91,42.303,82
2022-03-23,201.0,200.5,110.18,202.91,42.033,82
2022-03-25,200.0,199.5,110.38,201.91,41.473,81
2022-03-28,197.0,196.51,110.68,198.91,41.395,78
2022-03-29,193.0,192.52,110.82,194.9,41.183,74
2022-03-31,191.0,191.0,111.01,192.9,41.138,72
2022-04-01,189.0,189.0,111.12,190.91,41.225,70
2022-04-04,190.0,190.0,111.57,191.91,41.388,70
2022-04-05,189.5,189.5,111.7,191.42,41.463,70
2022-04-06,189.5,189.5,111.83,191.42,41.856,69
2022-04-07,190.5,190.5,111.97,192.42,42.053,70
2022-04-08,189.5,189.5,112.16,191.42,42.053,69
2022-04-11,191.0,191.0,112.58,192.92,42.053,70
2022-04-12,191.0,191.0,112.76,192.92,41.265,69
2022-04-13,191.0,191.0,112.97,192.92,41.258,69
2022-04-18,190.0,190.0,113.63,191.93,41.258,67
2022-04-19,191.0,191.0,113.78,192.93,41.258,68
2022-04-20,194.0,194.0,113.96,195.93,41.258,70
2022-04-21,203.0,203.0,114.09,204.92,39.788,78
2022-04-22,209.0,207.96,114.23,210.93,40.078,83
2022-04-25,209.5,207.41,114.68,211.43,40.695,83
2022-04-26,214.5,211.82,114.85,216.44,41.163,87
2022-04-27,211.0,208.36,115.04,212.95,41.2,83
2022-04-28,206.0,203.94,115.18,207.95,41.188,79
2022-04-29,207.5,205.43,115.31,209.45,40.808,80
2022-05-02,212.0,209.88,115.73,213.95,41.138,83
2022-05-03,208.0,206.44,115.87,209.95,41.09,80
2022-05-04,206.0,204.97,116.02,207.94,41.225,78
2022-05-05,207.0,206.48,116.16,208.95,41.4,78
2022-05-06,208.0,206.96,116.3,209.95,41.563,79
2022-05-09,209.0,207.96,116.75,210.95,41.733,79
2022-05-10,209.0,207.43,116.93,210.95,41.67,79
2022-05-11,208.0,206.44,117.08,209.95,41.528,78
2022-05-12,211.0,208.89,117.25,212.96,41.723,80
2022-05-13,213.0,210.87,117.43,214.96,41.418,81
2022-05-16,213.5,211.37,117.86,215.46,41.418,81
2022-05-17,213.5,211.37,117.86,215.46,41.418,81
2022-05-19,211.0,208.36,118.34,212.94,40.373,78
2022-05-20,211.0,208.89,118.48,212.95,40.185,78
2022-05-23,211.5,209.39,118.94,213.44,40.003,78
2022-05-24,213.0,211.4,119.11,214.93,39.92,79
2022-05-25,213.0,211.4,119.11,214.93,39.92,79
2022-05-26,214.0,211.33,119.41,215.93,39.89,79
2022-05-27,213.0,210.87,119.55,214.93,39.918,78
2022-05-30,213.0,210.87,119.55,214.93,39.918,78
2022-05-31,213.0,210.87,120.2,214.93,39.92,77
2022-06-01,211.0,207.31,120.32,212.93,39.92,75
2022-06-02,209.5,207.41,120.46,211.43,39.92,74
2022-06-03,209.0,206.91,120.68,210.93,39.863,73
2022-06-06,210.25,208.67,121.11,212.19,39.62,74
2022-06-07,210.0,208.43,121.29,211.93,39.61,73
2022-06-08,210.75,209.17,121.45,212.68,39.475,74
2022-06-09,220.0,217.8,121.64,221.93,39.475,81
2022-06-10,227.0,222.46,121.79,228.95,39.553,86
2022-06-13,240.0,232.8,122.3,241.95,39.553,96
2022-06-14,241.0,233.77,122.5,242.95,39.553,97
2022-06-15,239.0,231.83,122.7,240.95,39.553,95
2022-06-16,243.0,234.5,122.92,244.95,39.988,98
2022-06-21,241.0,232.57,123.69,242.95,39.988,95
2022-06-22,238.0,230.86,123.86,239.95,39.988,92
2022-06-23,238.0,231.46,124.07,239.95,39.988,92
2022-06-24,238.0,231.46,124.24,239.95,39.988,92
2022-06-27,245.0,239.49,124.72,246.95,39.375,96
2022-06-28,250.0,245.0,124.88,251.95,39.21,100
2022-06-29,252.0,246.96,125.05,253.96,39.538,102
2022-06-30,254.0,248.92,125.23,255.95,39.773,103
2022-07-01,253.0,248.57,125.45,254.96,39.973,102
2022-07-04,282.0,270.72,126.25,283.96,39.973,123
2022-07-05,275.0,265.38,126.2,276.97,40.063,118
2022-07-06,280.0,270.2,126.39,281.98,40.28,122
2022-07-07,299.0,287.04,126.56,300.98,40.283,136
2022-07-08,302.0,289.92,126.81,303.98,40.283,138
2022-07-11,302.0,289.92,127.58,304.0,40.283,137
2022-07-12,292.0,286.16,127.58,294.0,40.283,129
2022-07-13,291.0,279.36,127.85,292.99,41.3,128
2022-07-14,296.0,284.16,128.01,298.0,41.918,131
2022-07-15,300.0,288.0,128.25,301.99,42.21,134
2022-07-18,305.0,292.8,128.91,306.99,42.21,137
2022-07-19,307.0,294.72,129.14,308.99,42.21,138
2022-07-20,312.0,302.64,129.38,313.98,41.855,141
2022-07-21,335.0,324.95,129.58,336.98,41.83,159
2022-07-22,325.0,315.25,129.77,326.98,41.765,150
2022-07-25,330.0,320.1,130.4,331.98,41.638,153
2022-07-26,334.0,323.15,130.68,335.98,41.638,156
2022-07-27,333.0,322.18,130.91,334.98,41.638,154
2022-07-28,315.0,299.25,131.12,316.98,41.638,140
2022-07-29,290.0,282.75,131.3,291.98,41.638,121
2022-08-01,283.0,271.68,131.89,284.98,41.638,115
2022-08-02,287.0,278.39,132.2,288.98,41.638,117
2022-08-03,294.0,285.18,132.42,295.98,41.638,122
2022-08-04,294.5,285.67,132.65,296.48,41.638,122
2022-08-05,285.0,276.45,132.93,286.98,41.638,114
2022-08-08,285.0,277.16,133.57,286.98,41.638,113
2022-08-09,288.0,279.36,133.85,289.98,40.175,115
2022-08-10,288.0,279.36,134.05,289.98,40.175,115
2022-08-11,286.5,279.34,134.27,288.48,40.175,113
2022-08-12,287.0,279.83,134.55,288.98,40.175,113
2022-08-16,283.0,275.93,135.33,284.98,40.175,109
2022-08-17,288.0,280.8,135.53,289.98,40.175,112
2022-08-18,295.0,287.63,135.8,296.99,40.525,117
2022-08-19,302.5,293.43,136.17,304.5,40.47,122
2022-08-22,299.0,290.03,136.65,301.0,40.47,119
2022-08-23,300.0,289.5,136.95,302.0,40.365,119
2022-08-24,299.5,287.52,137.14,301.5,40.365,118
2022-08-25,297.0,286.61,137.38,299.0,40.393,116
2022-08-26,295.0,284.68,137.7,297.0,40.393,114
2022-08-29,293.5,283.23,138.32,295.5,40.393,112
2022-08-30,296.5,285.38,138.6,298.5,40.393,114
2022-08-31,295.75,285.4,138.75,297.75,40.393,113
2022-09-01,292.0,280.32,139.03,294.0,40.393,110
2022-09-05,282.5,271.2,140.7,284.5,40.393,101
2022-09-06,285.0,273.6,140.56,287.01,40.79,103
2022-09-07,283.0,270.97,140.8,285.01,40.79,101
2022-09-08,284.0,271.93,141.15,286.01,40.79,101
2022-09-09,283.0,271.68,141.38,285.01,40.79,100
2022-09-12,280.5,269.28,142.28,282.49,40.663,97
2022-09-13,282.0,272.13,142.6,284.0,40.743,98
2022-09-14,284.0,274.06,142.88,286.0,40.743,99
2022-09-15,296.5,288.35,143.2,298.5,40.743,107
2022-09-16,301.5,293.96,143.52,303.5,40.743,110
2022-09-19,304.5,296.89,144.37,306.5,40.938,111
2022-09-20,302.5,293.43,144.64,304.5,40.94,109
2022-09-21,306.5,297.31,144.9,308.5,40.94,112
2022-09-22,313.0,303.61,145.18,315.0,40.94,116
2022-09-23,313.0,302.83,145.46,315.0,40.94,115
2022-09-26,310.0,299.15,146.27,312.0,40.94,112
2022-09-27,306.0,295.29,146.58,308.0,40.94,109
2022-09-28,306.5,296.54,146.86,308.5,40.94,109
2022-09-29,307.0,296.26,147.07,309.0,41.653,109
2022-09-30,310.0,298.38,147.36,312.0,41.653,110
2022-10-03,309.5,298.67,148.25,311.5,41.653,109
2022-10-04,310.0,297.6,148.58,312.0,40.956,109
2022-10-05,312.0,299.52,148.9,314.0,40.956,110
2022-10-06,308.0,292.6,149.2,310.0,40.956,106
2022-10-11,306.5,288.11,150.69,308.5,40.956,103
2022-10-12,308.5,293.08,151.04,310.5,40.956,104
2022-10-13,314.0,298.3,151.3,316.0,40.959,108
2022-10-14,313.0,297.35,151.64,315.0,40.959,106
2022-10-17,308.5,293.08,152.5,310.52,41.218,102
2022-10-18,304.0,291.84,152.83,306.02,41.218,99
2022-10-19,304.0,291.84,153.17,306.02,41.218,98
2022-10-20,304.0,291.08,153.51,306.02,41.218,98
2022-10-21,304.0,291.84,153.82,306.02,41.218,98
2022-10-24,304.5,292.32,154.74,306.51,41.18,97
2022-10-25,306.0,293.76,155.08,308.01,41.18,97
2022-10-26,306.0,293.76,155.4,308.01,41.18,97
2022-10-27,308.0,294.14,155.7,310.01,41.18,98
2022-10-28,307.0,293.19,156.01,309.01,41.18,97
2022-10-31,308.0,294.14,156.91,310.01,40.648,96
2022-11-01,304.0,290.32,157.28,306.01,40.648,93
2022-11-02,304.0,290.32,157.6,306.01,40.648,93
2022-11-03,304.0,290.32,158.0,306.01,40.648,92
2022-11-04,305.0,292.04,158.32,307.01,40.648,93
2022-11-07,303.0,290.12,159.37,305.01,40.648,90
2022-11-08,304.5,292.32,159.73,306.51,40.648,91
2022-11-09,306.0,293.76,160.03,308.01,40.648,91
2022-11-10,308.0,295.68,160.39,310.01,40.648,92
2022-11-11,310.0,299.15,160.75,312.01,40.648,93
2022-11-14,310.0,298.38,161.78,311.99,39.82,92
2022-11-15,320.0,305.6,162.14,321.99,39.74,97
2022-11-16,324.0,310.23,162.47,325.92,39.795,99
2022-11-17,336.5,318.83,162.79,338.47,40.043,107
2022-11-18,333.0,317.18,163.17,334.97,39.8,104
2022-11-22,333.0,317.18,164.5,334.97,39.8,102
2022-11-23,327.0,313.92,164.83,328.97,39.8,98
2022-11-24,327.0,313.92,165.17,328.97,39.8,98
2022-11-25,327.0,313.92,165.58,328.97,39.8,97
2022-11-28,323.0,313.31,166.6,324.97,39.488,94
2022-11-29,324.0,314.28,166.97,325.97,39.488,94
2022-11-30,324.0,314.28,167.34,325.97,39.488,94
2022-12-01,325.0,315.25,167.73,326.97,39.488,94
2022-12-02,327.5,319.31,168.09,329.47,39.488,95
2022-12-05,331.0,322.73,169.16,332.97,39.488,96
2022-12-06,343.0,331.0,169.5,344.97,39.488,102
2022-12-07,340.0,328.1,169.87,341.97,39.04,100
2022-12-12,333.0,322.18,171.37,334.97,39.4,94
2022-12-13,333.0,323.01,171.81,334.94,38.7,94
2022-12-14,331.0,322.73,172.05,332.94,38.6,92
2022-12-15,333.0,324.68,172.39,334.94,38.6,93
2022-12-16,331.0,322.73,172.7,332.94,38.6,92
2022-12-19,334.0,324.82,173.63,335.94,38.6,92
2022-12-21,335.0,324.95,174.28,336.94,38.6,92
2022-12-22,336.0,327.6,174.53,337.94,38.6,93
2022-12-23,337.0,330.26,174.84,338.94,38.6,93
2022-12-26,337.0,330.26,175.77,338.94,38.6,92
2022-12-27,340.0,334.9,176.06,341.94,38.6,93
2022-12-28,345.0,339.83,176.38,346.94,39.798,96
2022-12-29,340.0,334.9,176.74,341.94,39.798,92
2022-12-30,340.0,334.9,177.12,341.94,39.798,92
2023-01-03,343.0,334.43,178.4,344.94,39.798,92
2023-01-04,340.0,331.5,178.67,341.94,39.798,90
2023-01-05,341.0,332.48,178.95,342.94,39.798,91
2023-01-06,339.0,330.53,179.24,340.94,39.798,89
2023-01-09,336.0,329.28,180.14,337.94,39.798,87
2023-01-10,333.0,324.68,180.39,334.94,39.798,85
2023-01-11,337.0,330.26,180.68,338.94,39.798,87
2023-01-12,343.0,337.86,180.97,344.94,39.798,90
2023-01-13,350.0,344.75,181.28,351.92,39.693,93
2023-01-16,350.0,344.75,181.28,351.92,39.693,93
2023-01-17,360.0,351.0,182.5,361.93,39.55,97
2023-01-18,350.0,343.0,182.81,351.93,39.255,91
2023-01-19,358.0,347.26,183.11,359.92,39.13,96
2023-01-20,360.0,349.2,183.45,361.92,39.07,96
2023-01-23,363.0,353.93,184.37,364.92,39.125,97
2023-01-24,362.0,354.76,184.69,363.92,39.11,96
2023-01-25,365.0,357.7,185.0,366.92,39.06,97
2023-01-26,370.0,357.05,185.32,371.92,38.925,100
2023-01-27,370.0,357.98,185.61,371.92,38.66,99
2023-01-30,370.0,356.13,186.56,371.92,38.66,98
2023-01-31,369.5,355.64,187.0,371.42,38.66,98
2023-02-01,366.0,354.11,187.29,367.92,38.66,95
2023-02-02,367.0,356.91,187.58,368.92,38.66,96
2023-02-03,366.0,355.02,188.02,367.92,38.66,95
2023-02-06,367.0,355.99,189.12,368.92,38.66,94
2023-02-07,366.0,355.02,189.52,367.92,38.66,93
2023-02-08,365.5,354.54,189.85,367.42,38.66,93
2023-02-10,370.5,355.68,190.52,372.42,38.66,94
2023-02-13,370.0,355.2,191.65,371.92,38.66,93
2023-02-14,370.0,355.2,192.0,371.92,38.66,93
2023-02-15,369.0,355.16,192.38,370.92,38.66,92
2023-02-16,369.0,354.24,192.83,370.94,39.798,91
2023-02-17,369.5,356.57,193.19,371.44,39.21,91
2023-02-21,369.5,356.57,193.19,371.44,39.21,91
2023-02-22,368.0,356.04,194.95,369.94,38.785,89
2023-02-23,367.0,355.99,195.34,368.94,38.785,88
2023-02-24,367.0,355.99,195.68,368.94,38.785,88
2023-02-27,365.0,354.05,196.81,366.94,38.785,85
2023-02-28,366.0,355.02,197.15,367.94,38.785,86
2023-03-01,369.0,357.93,197.56,370.94,38.785,87
2023-03-02,372.0,362.7,197.87,373.94,38.785,88
2023-03-03,372.0,364.56,198.29,373.94,38.785,88
2023-03-06,373.0,365.54,199.35,374.94,38.785,87
2023-03-07,373.0,364.61,199.68,374.94,38.782,87
2023-03-08,379.0,369.53,200.0,380.94,38.782,90
2023-03-09,386.0,376.35,200.36,387.94,39.185,93
2023-03-10,394.0,382.18,200.73,395.94,39.233,96
2023-03-13,395.0,380.19,201.86,396.94,39.233,96
2023-03-14,395.0,380.19,202.1,396.94,39.233,95
2023-03-15,396.5,381.63,202.57,398.44,39.233,96
2023-03-16,401.0,386.97,202.94,402.94,39.233,98
2023-03-17,403.0,388.9,203.34,404.94,39.233,98
2023-03-20,403.0,388.9,204.53,404.94,39.233,97
2023-03-21,400.0,386.0,205.0,401.94,39.233,95
2023-03-22,397.0,383.11,205.38,398.94,39.233,93
2023-03-23,391.0,377.32,205.78,392.94,39.233,90
2023-03-27,392.0,378.28,207.42,393.94,39.233,89
2023-03-28,391.0,377.32,207.84,392.94,39.233,88
2023-03-29,396.0,384.12,208.3,397.94,39.233,90
2023-03-30,402.0,390.95,208.6,403.94,39.233,93
2023-03-31,407.0,395.81,209.01,408.94,39.233,95
2023-04-03,407.0,395.81,210.37,408.92,38.62,93
2023-04-04,409.0,397.75,210.78,410.92,38.735,94
2023-04-05,408.0,396.78,211.22,409.92,38.735,93
2023-04-10,404.0,391.88,213.39,405.92,38.735,89
2023-04-11,401.0,388.97,213.76,402.92,38.735,88
2023-04-12,400.0,388.0,214.24,401.92,38.735,87
2023-04-13,402.5,390.43,214.68,404.42,38.735,87
2023-04-14,404.0,391.88,215.12,405.92,38.735,88
2023-04-17,410.0,396.68,216.38,411.91,38.965,89
2023-04-18,426.0,412.16,216.93,427.91,38.965,96
2023-04-19,434.0,419.9,217.48,435.91,38.965,100
2023-04-20,435.0,420.86,218.0,436.91,38.965,100
2023-04-21,453.0,440.54,218.53,454.91,38.965,107
2023-04-24,463.0,450.27,220.25,464.91,38.965,110
2023-04-25,470.0,458.25,220.87,471.91,38.965,113
2023-04-26,469.0,459.62,221.57,470.91,38.965,112
2023-04-27,457.0,447.86,222.0,458.91,38.965,106
2023-04-28,456.0,446.88,222.68,457.91,38.965,105
2023-05-02,459.0,449.82,224.65,460.91,38.965,104
2023-05-03,450.0,438.75,225.2,451.91,38.965,100
2023-05-04,450.0,436.5,225.7,451.91,38.965,99
2023-05-05,456.0,442.32,226.25,457.91,38.965,102
2023-05-08,456.0,440.04,227.65,457.91,38.965,100
2023-05-09,452.0,436.18,228.05,453.91,38.965,98
2023-05-10,452.0,436.18,228.5,453.91,38.965,98
2023-05-11,454.0,440.38,229.0,455.91,38.965,98
2023-05-12,468.0,453.96,229.2,469.91,38.965,104
2023-05-15,472.0,457.84,230.7,473.91,38.965,105
2023-05-16,483.0,463.68,231.1,484.91,38.965,109
2023-05-17,482.0,462.72,231.65,483.91,38.965,108
2023-05-18,494.0,476.71,232.1,495.91,38.965,113
2023-05-19,493.0,475.75,232.75,494.91,38.965,112
2023-05-22,493.0,470.82,234.35,494.91,38.965,110
2023-05-23,492.0,469.86,234.95,493.91,38.965,109
2023-05-24,492.0,469.86,235.63,493.91,38.965,109
2023-05-29,491.0,468.91,238.26,492.91,38.965,106
2023-05-30,487.0,466.3,238.79,488.91,38.965,104
2023-05-31,489.5,468.7,239.5,491.41,38.965,104
2023-06-01,495.0,473.96,240.25,496.91,38.965,106
2023-06-02,496.0,476.16,240.8,497.91,38.965,106
2023-06-05,497.0,477.12,242.5,498.91,38.965,105
2023-06-06,494.0,474.24,243.25,495.91,38.965,103
2023-06-07,496.0,476.16,243.75,497.91,38.965,103
2023-06-08,498.0,480.57,244.45,499.91,38.965,104
2023-06-09,500.0,482.5,245.0,501.91,38.965,104
2023-06-12,500.0,480.0,246.8,501.91,38.965,103
2023-06-13,500.0,480.0,247.1,501.91,38.965,102
2023-06-14,501.0,479.71,248.0,502.91,38.965,102
2023-06-15,505.5,484.02,248.35,507.41,38.965,104
2023-06-16,505.5,482.75,249.45,507.41,38.965,103
2023-06-21,506.0,479.44,251.85,507.91,38.965,101
2023-06-22,511.5,484.65,252.55,513.41,38.965,103
2023-06-23,518.0,489.51,253.05,519.91,38.965,105
2023-06-26,511.0,485.45,254.35,512.91,38.965,101
2023-06-27,510.0,484.5,255.25,511.91,38.965,100
2023-06-28,505.5,480.23,255.9,507.41,38.965,98
2023-06-29,507.0,481.65,256.25,508.91,38.965,98
2023-06-30,507.0,481.65,256.75,508.91,38.965,97
2023-07-03,507.0,481.65,257.95,508.91,38.965,97
2023-07-04,507.0,481.65,258.0,508.91,38.965,97
2023-07-05,510.0,485.78,259.5,511.91,38.965,97
2023-07-06,515.0,489.25,260.35,516.91,38.965,98
2023-07-07,515.0,489.25,261.0,516.91,38.965,97
2023-07-10,514.75,489.01,262.5,516.66,38.965,96
2023-07-11,515.0,489.25,263.3,516.91,38.965,96
2023-07-12,516.0,490.2,264.0,517.91,38.965,95
2023-07-13,524.5,496.96,264.4,526.41,38.965,98
2023-07-14,540.0,510.3,265.05,541.91,38.965,104
2023-07-17,534.0,501.96,266.75,535.91,38.965,100
2023-07-18,528.0,496.32,267.6,529.91,38.965,97
2023-07-19,528.0,495.0,268.25,529.91,38.965,97
2023-07-20,530.0,496.88,268.75,531.91,38.965,97
2023-07-21,533.0,499.69,269.45,534.91,37.95,98
2023-07-24,535.0,501.56,271.2,536.91,37.95,97
2023-07-25,542.0,512.19,271.6,543.91,37.95,100
2023-07-26,542.0,517.61,272.45,543.91,37.95,99
2023-07-27,545.0,519.11,273.0,546.91,37.95,100
2023-07-28,547.0,521.02,273.63,548.91,37.95,100
2023-07-31,552.0,525.78,275.3,553.91,37.95,101
2023-08-01,560.0,529.2,276.15,561.91,37.95,103
2023-08-02,567.5,533.45,277.4,569.41,37.95,105
2023-08-03,577.0,542.38,278.1,578.91,37.95,107
2023-08-04,585.0,552.83,279.25,586.91,37.95,109
2023-08-07,598.0,566.61,283.2,599.91,37.95,111
2023-08-08,598.0,566.61,284.2,599.91,37.95,110
2023-08-09,591.0,559.97,285.2,592.91,37.95,107
2023-08-10,598.0,568.1,286.2,599.91,37.95,109
2023-08-11,600.0,570.0,287.35,601.91,37.95,109
2023-08-14,656.5,625.32,350.0,658.41,37.95,88
2023-08-15,700.0,666.75,350.0,701.91,37.95,100
2023-08-16,722.5,691.79,350.0,724.41,37.95,106
2023-08-17,745.0,711.48,350.0,746.91,37.95,113
2023-08-18,745.0,709.61,350.0,746.91,37.95,113
2023-08-21,745.0,709.61,350.0,746.91,37.95,113
2023-08-22,745.0,713.34,350.0,746.91,37.95,113
2023-08-23,746.5,705.44,350.0,748.41,37.95,113
2023-08-24,761.0,717.24,350.0,762.91,37.95,117
2023-08-25,770.0,719.95,350.0,771.91,37.95,120
2023-08-28,786.0,734.91,350.0,787.92,37.95,125
2023-08-29,800.0,744.0,350.0,801.92,37.95,129
2023-08-30,800.0,752.0,350.0,801.92,37.95,129
2023-08-31,780.0,733.2,350.0,781.92,37.95,123
2023-09-01,767.0,720.98,350.0,768.92,37.95,119
2023-09-04,767.0,720.98,350.0,768.92,37.95,119
2023-09-05,760.0,714.4,350.0,761.92,37.95,117
2023-09-06,762.0,716.28,350.0,763.92,37.95,118
2023-09-07,744.0,697.5,350.0,745.92,37.95,113
2023-09-08,735.0,690.9,350.0,736.92,37.95,110
2023-09-11,736.0,695.52,350.0,737.92,37.95,110
2023-09-12,740.0,693.75,350.0,741.92,37.95,111
2023-09-13,740.0,693.75,350.0,741.92,37.95,111
2023-09-14,741.0,694.69,350.0,742.92,37.95,112
2023-09-15,738.0,690.03,350.0,739.92,37.95,111
2023-09-18,734.0,686.29,350.0,735.92,37.95,110
2023-09-19,738.0,690.03,350.0,739.92,37.95,111
2023-09-20,742.0,693.77,350.0,743.92,37.95,112
2023-09-21,750.0,703.13,350.0,751.92,37.95,114
2023-09-22,752.0,703.12,350.0,753.92,37.95,115
2023-09-25,761.0,711.54,350.0,762.92,37.95,117
2023-09-26,776.0,725.56,350.0,777.92,37.95,122
2023-09-27,789.0,737.72,350.0,790.92,37.95,125
2023-09-28,820.0,770.8,350.0,821.92,37.95,134
2023-09-29,820.0,770.8,350.0,821.92,37.95,134
2023-10-02,829.0,779.26,350.0,830.92,37.95,137
2023-10-03,860.0,817.0,350.0,861.92,37.95,146
2023-10-04,900.0,855.0,350.0,901.92,37.95,157
2023-10-05,890.0,845.5,350.0,891.92,37.95,154
2023-10-06,870.0,835.2,350.0,871.92,37.95,149
2023-10-09,890.0,854.4,350.0,891.92,37.95,154
2023-10-10,940.0,902.4,350.0,941.92,37.95,169
2023-10-11,935.0,909.29,350.0,936.92,37.95,167
2023-10-12,965.0,936.05,350.0,966.92,37.95,176
2023-10-17,980.0,945.7,350.0,981.92,37.95,180
2023-10-18,980.0,943.25,350.0,981.92,37.95,180
2023-10-19,990.0,945.45,350.0,991.92,37.95,183
2023-10-20,1050.0,997.5,350.0,1051.92,40.0,200
2023-10-23,1000.0,940.0,350.0,1001.92,39.82,186
2023-10-24,900.0,864.0,350.0,901.94,39.875,157
2023-10-25,905.0,868.8,350.0,906.95,39.895,159
2023-10-26,885.0,858.45,350.0,886.95,39.99,153
2023-10-27,870.0,848.25,350.0,871.95,39.95,149
2023-10-30,860.0,842.8,350.0,861.94,39.958,146
2023-10-31,860.0,842.8,350.0,861.94,39.958,146
2023-11-01,885.0,871.73,350.0,886.95,40.06,153
2023-11-02,880.0,866.8,350.0,881.94,40.06,151
2023-11-03,870.0,852.6,350.0,871.94,39.875,149
2023-11-07,865.0,852.03,350.0,866.94,39.94,147
2023-11-08,850.0,837.25,350.0,851.93,39.915,143
2023-11-09,870.0,856.95,350.0,871.94,39.875,149
2023-11-10,895.0,881.58,350.0,896.94,39.91,156
2023-11-13,895.0,886.05,350.0,896.93,40.025,156
2023-11-14,885.0,876.15,350.0,886.92,39.82,153
2023-11-15,880.0,871.2,353.0,881.92,39.635,149
2023-11-16,870.0,861.3,353.45,871.92,39.51,146
2023-11-17,875.0,875.0,354.0,876.92,39.54,147
2023-11-20,875.0,875.0,354.0,876.91,39.3,147
2023-11-21,915.0,915.0,356.0,916.92,39.125,157
2023-11-22,985.0,985.0,356.5,986.92,39.23,176
2023-11-23,1010.0,1010.0,356.5,1011.92,39.315,183
2023-11-24,975.0,965.25,357.55,976.91,39.23,173
2023-11-27,925.0,925.0,359.0,926.91,39.173,158
2023-11-28,865.0,865.0,359.5,866.91,39.048,141
2023-11-29,840.0,840.0,360.0,841.91,39.08,133
2023-11-30,870.0,870.0,360.5,871.92,39.115,141
2023-12-01,925.0,925.0,361.05,926.92,38.85,156
2023-12-04,925.0,925.0,362.45,926.92,39.135,155
2023-12-05,945.0,945.0,363.05,946.93,39.19,160
2023-12-06,945.0,945.0,363.6,946.93,39.08,160
2023-12-07,1000.0,1000.0,364.0,1001.93,39.19,175
2023-12-11,1020.0,1020.0,366.05,1021.93,39.625,179
2023-12-12,1045.0,1039.78,366.5,1046.93,39.875,185
2023-12-13,1030.0,1024.85,800.0,1031.92,39.93,29
2023-12-14,1030.0,1030.0,800.55,1031.92,39.5,29
2023-12-15,1010.0,1004.95,801.05,1011.92,39.33,26
2023-12-18,965.0,965.0,802.6,966.92,39.326,20
2023-12-19,965.0,965.0,803.15,966.91,39.375,20
2023-12-20,950.0,950.0,803.75,951.91,39.435,18
2023-12-21,950.0,950.0,804.25,951.9,39.34,18
2023-12-22,950.0,950.0,804.85,951.91,39.3,18
2023-12-26,940.0,940.0,806.9,941.91,39.14,16
2023-12-27,930.0,930.0,807.45,931.9,39.015,15
2023-12-28,940.0,940.0,808.0,941.9,39.1,16
2023-12-29,975.0,975.0,808.5,976.91,38.85,21
2024-01-02,1000.0,1000.0,810.65,1001.91,39.135,23
2024-01-03,1050.0,1039.5,811.2,1051.92,39.225,29
2024-01-04,1100.0,1067.0,811.75,1101.91,39.325,36
2024-01-05,1150.0,1115.5,812.25,1151.91,39.4,42
2024-01-08,1200.0,1152.0,813.9,1201.91,39.305,47
2024-01-09,1200.0,1152.0,814.35,1201.92,39.445,47
2024-01-10,1185.0,1137.6,814.95,1186.91,39.3,45
2024-01-11,1170.0,1129.05,815.45,1171.91,39.305,43
2024-01-12,1130.0,1096.1,816.05,1131.91,39.22,38
2024-01-15,1160.0,1122.3,816.05,1161.91,39.22,42
2024-01-16,1200.0,1158.0,818.15,1201.92,39.23,47
2024-01-17,1275.0,1227.19,818.65,1276.92,39.31,56
2024-01-18,1285.0,1227.18,819.2,1286.92,39.275,57
2024-01-19,1300.0,1241.5,819.85,1301.92,39.01,59
2024-01-22,1300.0,1235.0,821.4,1301.92,38.65,58
2024-01-23,1290.0,1231.95,821.9,1291.92,38.78,57
2024-01-24,1300.0,1241.5,822.4,1301.92,38.78,58
2024-01-25,1285.0,1227.18,823.0,1286.92,39.03,56
2024-01-26,1245.0,1188.98,823.5,1246.92,38.99,51
2024-01-29,1265.0,1214.4,825.5,1266.92,39.13,53
2024-01-30,1270.0,1219.2,825.7,1271.92,39.14,54
2024-01-31,1240.0,1184.2,826.4,1241.92,39.11,50
2024-02-01,1290.0,1235.18,826.9,1291.92,39.98,56
2024-02-02,1300.0,1241.5,827.3,1301.93,39.03,57
2024-02-05,1285.0,1223.96,829.0,1286.93,39.175,55
2024-02-06,1250.0,1187.5,829.5,1251.93,39.105,51
2024-02-07,1270.0,1206.5,830.2,1271.93,39.125,53
2024-02-08,1250.0,1190.63,830.6,1251.93,39.205,50
2024-02-09,1240.0,1178.0,831.2,1241.93,39.205,49
2024-02-14,1185.0,1128.71,833.9,1186.93,39.198,42
2024-02-15,1160.0,1104.9,834.6,1161.93,39.088,39
2024-02-16,1115.0,1062.04,835.1,1116.93,39.143,34
2024-02-19,1140.0,1085.85,835.1,1141.93,39.143,37
2024-02-20,1135.0,1078.25,837.3,1136.93,39.045,36
2024-02-21,1120.0,1064.0,837.9,1121.92,39.105,34
2024-02-22,1095.0,1042.99,838.4,1096.92,39.065,31
2024-02-23,1110.0,1062.83,839.0,1111.92,39.093,32
2024-02-26,1100.0,1053.25,840.7,1101.92,39.19,31
2024-02-27,1090.0,1043.68,841.2,1091.92,39.188,30
2024-02-28,1070.0,1027.2,841.8,1071.92,39.11,27
2024-02-29,1075.0,1032.0,842.2,1076.93,39.035,28
2024-03-01,1080.0,1044.9,843.5,1081.92,38.92,28
2024-03-04,1065.0,1033.05,844.2,1066.92,39.015,26
2024-03-05,1050.0,1018.5,845.2,1051.92,39.065,24
2024-03-06,1020.0,984.3,846.0,1021.92,38.913,21
2024-03-07,1030.0,993.95,846.5,1031.91,38.725,22
2024-03-08,1045.0,1008.43,847.0,1046.91,38.76,23
2024-03-11,1025.0,984.0,848.0,1026.92,38.8,21
2024-03-12,1075.0,1032.0,848.5,1076.92,38.765,27
2024-03-13,1055.0,1012.8,850.0,1056.91,38.575,24
2024-03-14,1060.0,1017.6,850.5,1061.92,38.43,25
2024-03-15,1065.0,1019.74,851.0,1066.92,38.43,25
2024-03-18,1075.0,1021.25,852.0,1076.92,38.43,26
2024-03-19,1080.0,1026.0,853.0,1081.92,38.38,27
2024-03-20,1100.0,1042.25,854.0,1101.92,38.025,29
2024-03-21,1100.0,1036.75,854.5,1101.92,37.68,29
2024-03-22,1095.0,1032.04,855.0,1096.93,37.813,28
2024-03-25,1090.0,1016.43,856.5,1091.92,37.55,27
2024-03-26,1100.0,1025.75,857.0,1101.92,37.555,28
2024-03-27,1090.0,1019.15,858.0,1091.92,37.55,27
2024-04-03,1070.0,1000.45,861.25,1071.92,38.35,24
2024-04-04,1060.0,996.4,861.75,1061.92,38.35,23
2024-04-05,1050.0,997.5,862.75,1051.92,38.56,22
2024-04-08,1040.0,982.8,864.25,1041.92,38.8,20
2024-04-09,1045.0,990.14,864.75,1046.92,38.385,21
2024-04-10,1045.0,990.14,865.5,1046.93,38.625,21
2024-04-11,1050.0,997.5,865.75,1051.93,38.645,21
2024-04-12,1050.0,997.5,866.75,1051.94,38.793,21
2024-04-15,1070.0,1016.5,868.25,1071.94,38.9,23
2024-04-16,1075.0,1021.25,868.75,1076.94,38.9,24
2024-04-17,1065.0,1022.4,869.25,1066.94,38.625,23
2024-04-18,1065.0,1022.4,869.75,1066.94,38.55,22
2024-04-19,1065.0,1022.4,870.75,1066.94,38.525,22
2024-04-22,1065.0,1022.4,872.25,1066.94,38.525,22
2024-04-23,1055.0,1007.53,872.75,1056.93,38.31,21
2024-04-24,1055.0,1007.53,873.25,1056.93,38.31,21
2024-04-25,1080.0,1031.4,874.0,1081.93,38.488,24
2024-04-26,1085.0,1036.18,874.75,1086.93,38.16,24
2024-04-29,1090.0,1040.95,876.75,1091.93,38.24,24
2024-04-30,1090.0,1040.95,877.25,1091.94,38.24,24
2024-05-02,1115.0,1062.04,878.25,1116.93,38.26,27
2024-05-03,1115.0,1064.83,878.75,1116.93,38.14,27
2024-05-06,1110.0,1060.05,880.5,1111.93,38.45,26
2024-05-07,1095.0,1045.73,880.75,1096.93,38.63,24
2024-05-08,1080.0,1031.4,881.75,1081.93,38.438,22
2024-05-09,1085.0,1047.03,882.5,1086.93,38.553,23
2024-05-10,1080.0,1036.8,883.0,1081.93,38.555,22
2024-05-13,1080.0,1036.8,885.0,1081.93,38.555,22
2024-05-14,1085.0,1041.6,885.5,1086.92,38.705,23
2024-05-15,1090.0,1046.4,885.75,1091.99,38.813,23
2024-05-16,1100.0,1056.0,886.25,1101.92,38.68,24
2024-05-17,1100.0,1056.0,886.75,1101.92,38.51,24
2024-05-20,1100.0,1056.0,888.5,1101.92,38.51,24
2024-05-21,1195.0,1147.2,889.5,1196.92,38.325,34
2024-05-22,1250.0,1221.88,890.0,1251.92,38.47,40
2024-05-23,1250.0,1225.0,890.25,1251.93,38.51,40
2024-05-24,1230.0,1205.4,890.75,1231.92,38.6,38
2024-05-27,1250.0,1225.0,890.75,1251.92,38.6,40
2024-05-28,1230.0,1205.4,893.25,1231.92,38.6,38
2024-05-29,1210.0,1176.73,893.75,1211.93,38.84,35
2024-05-30,1215.0,1181.59,894.5,1216.92,38.695,36
2024-05-31,1245.0,1210.76,895.75,1246.92,38.775,39
2024-06-03,1295.0,1262.63,896.75,1296.92,38.845,44
2024-06-04,1310.0,1277.25,897.0,1311.92,38.99,46
2024-06-05,1305.0,1272.38,898.75,1306.92,39.1,45
2024-06-06,1300.0,1270.75,898.75,1301.92,38.845,45
2024-06-07,1310.0,1280.53,899.0,1311.93,39.05,46
2024-06-10,1305.0,1278.9,901.17,1306.93,39.135,45
2024-06-11,1305.0,1278.9,902.17,1306.93,39.12,45
2024-06-12,1300.0,1274.0,902.25,1301.93,39.25,44
2024-06-13,1270.0,1244.6,902.75,1271.93,39.265,41
2024-06-14,1265.0,1239.7,903.25,1266.93,39.223,40
2024-06-18,1265.0,1239.7,904.0,1266.93,39.38,40
2024-06-19,1295.0,1282.05,904.0,1296.93,39.38,43
2024-06-24,1310.0,1296.9,908.75,1311.93,39.31,44
2024-06-25,1315.0,1301.85,909.25,1316.93,39.31,45
2024-06-26,1340.0,1326.6,911.0,1341.94,39.54,47
2024-06-27,1340.0,1326.6,911.0,1341.94,39.54,47
2024-06-28,1350.0,1336.5,911.5,1351.93,39.95,48
2024-07-01,1400.0,1400.0,913.5,1401.93,40.138,53
2024-07-02,1430.0,1430.0,914.0,1431.93,40.29,56
2024-07-03,1400.0,1400.0,914.25,1401.93,40.29,53
2024-07-04,1395.0,1395.0,914.25,1396.92,40.0,53
2024-07-05,1395.0,1395.0,915.5,1396.92,40.1,52
2024-07-08,1385.0,1385.0,917.5,1386.92,40.038,51
2024-07-10,1390.0,1376.1,918.5,1391.92,40.075,51
2024-07-11,1410.0,1399.43,919.5,1411.92,40.065,53
2024-07-15,1310.0,1303.45,922.0,1311.92,40.165,42
2024-07-16,1290.0,1283.55,922.5,1291.92,40.17,40
2024-07-17,1310.0,1306.73,923.0,1311.91,40.225,42
2024-07-18,1320.0,1313.4,925.25,1321.92,40.225,43
2024-07-19,1325.0,1318.38,925.5,1326.92,40.415,43
2024-07-22,1330.0,1326.68,927.0,1331.92,40.133,43
2024-07-23,1335.0,1331.66,926.5,1336.92,40.185,44
2024-07-24,1335.0,1331.66,927.5,1336.92,40.27,44
2024-07-25,1325.0,1325.0,928.5,1326.92,40.27,43
2024-07-26,1315.0,1315.0,929.0,1316.92,40.27,42
2024-07-29,1295.0,1295.0,931.0,1296.92,40.27,39
2024-07-30,1270.0,1270.0,932.25,1271.92,40.25,36
2024-07-31,1280.0,1280.0,932.25,1281.92,40.245,37
2024-08-01,1300.0,1300.0,932.5,1301.93,40.45,39
2024-08-02,1320.0,1320.0,933.5,1321.92,40.498,41
2024-08-05,1340.0,1340.0,935.25,1341.91,40.575,43
2024-08-06,1330.0,1330.0,936.25,1331.91,40.5,42
2024-08-07,1325.0,1325.0,937.0,1326.91,40.435,41
2024-08-08,1310.0,1310.0,937.5,1311.92,40.275,40
2024-08-09,1300.0,1300.0,938.0,1301.92,40.275,39
2024-08-12,1280.0,1280.0,939.25,1281.92,40.38,36
2024-08-13,1270.0,1270.0,940.5,1271.91,40.4,35
2024-08-14,1265.0,1265.0,940.75,1266.91,40.283,34
2024-08-15,1275.0,1275.0,942.0,1276.91,40.3,35
2024-08-19,1290.0,1290.0,944.0,1291.9,40.228,37
2024-08-20,1295.0,1295.0,944.5,1296.9,40.26,37
2024-08-21,1292.0,1292.0,945.25,1293.9,40.33,37
2024-08-22,1290.0,1286.78,945.5,1291.9,40.385,36
2024-08-23,1290.0,1286.78,946.5,1291.89,40.25,36
2024-08-26,1290.0,1286.78,948.5,1291.89,40.25,36
2024-08-27,1295.0,1288.53,949.75,1296.89,40.25,36
2024-08-28,1295.0,1288.53,950.25,1296.9,40.308,36
2024-08-29,1290.0,1273.88,950.5,1291.9,40.335,36
2024-08-30,1295.0,1278.81,951.0,1296.91,40.325,36
2024-09-02,1305.0,1288.69,952.25,1306.91,40.325,37
2024-09-03,1305.0,1288.69,953.5,1306.91,40.345,37
2024-09-04,1295.0,1282.05,953.0,1296.9,40.375,36
2024-09-05,1275.0,1259.06,954.0,1276.9,40.35,34
2024-09-06,1260.0,1244.25,955.0,1261.9,40.35,32
2024-09-09,1240.0,1224.5,958.0,1241.91,40.375,29
2024-09-10,1250.0,1234.38,958.5,1251.91,40.55,30
2024-09-11,1255.0,1239.31,959.0,1256.91,41.0,31
2024-09-12,1255.0,1239.31,959.0,1256.91,41.0,31
2024-09-13,1250.0,1225.0,960.0,1251.9,40.75,30
2024-09-16,1245.0,1220.1,962.25,1246.9,40.98,29
2024-09-17,1245.0,1216.99,961.5,1246.9,41.13,29
2024-09-18,1235.0,1210.3,962.5,1236.9,41.13,28
2024-09-19,1235.0,1210.3,962.5,1236.9,41.13,28
2024-09-20,1220.0,1195.6,962.5,1221.9,41.705,27
2024-09-23,1225.0,1203.56,966.25,1226.9,42.26,27
2024-09-24,1225.0,1203.56,966.75,1226.89,42.175,27
2024-09-25,1225.0,1206.63,967.75,1226.9,41.96,27
2024-09-26,1225.0,1206.63,967.75,1226.9,41.96,27
2024-09-27,1230.0,1211.55,968.5,1231.9,41.6,27
2024-09-30,1235.0,1210.3,971.0,1236.9,41.8,27
2024-10-01,1245.0,1220.1,971.25,1246.9,41.8,28
2024-10-02,1240.0,1209.0,972.0,1241.91,41.75,28
2024-10-03,1230.0,1190.03,973.0,1231.91,41.65,26
2024-10-04,1235.0,1197.95,974.75,1236.91,41.425,27
2024-10-07,1225.0,1188.25,975.75,1226.91,41.25,26
2024-10-08,1215.0,1172.48,976.0,1216.91,41.6,24
2024-10-09,1195.0,1147.2,976.25,1196.91,41.715,22
2024-10-10,1175.0,1130.94,980.0,1176.91,41.67,20
2024-10-14,1180.0,1135.75,980.0,1181.92,41.45,20
2024-10-15,1176.0,1134.84,981.0,1177.92,41.7,20
2024-10-16,1176.0,1134.84,981.0,1177.92,41.7,20
2024-10-17,1195.0,1159.15,982.0,1196.92,41.6,22
2024-10-18,1195.0,1159.15,983.75,1196.92,41.5,21
2024-10-21,1195.0,1159.15,983.5,1196.92,41.44,22
2024-10-22,1195.0,1162.14,984.0,1196.93,41.525,21
2024-10-23,1190.0,1163.23,984.5,1191.93,41.64,21
2024-10-24,1180.0,1158.17,985.25,1181.92,41.603,20
2024-10-25,1167.0,1143.66,988.25,1168.93,41.45,18
2024-10-28,1157.0,1133.86,988.75,1158.92,41.048,17
2024-10-29,1155.0,1134.79,989.25,1156.92,41.25,17
2024-10-30,1155.0,1134.79,990.25,1156.92,41.45,17
2024-10-31,1155.0,1131.9,991.0,1156.92,41.65,17
2024-11-01,1170.0,1140.75,992.75,1171.92,41.6,18
2024-11-04,1180.0,1150.5,993.25,1181.92,41.6,19
2024-11-05,1182.0,1146.54,994.5,1183.92,41.6,19
2024-11-06,1170.0,1134.9,994.5,1171.92,41.6,18
2024-11-07,1170.0,1134.9,995.5,1171.93,42.15,18
2024-11-08,1155.0,1126.13,998.0,1156.93,42.2,16
2024-11-11,1160.0,1131.0,998.5,1161.94,42.3,16
2024-11-12,1160.0,1128.1,998.75,1161.94,42.6,16
2024-11-13,1157.0,1122.29,999.25,1158.95,43.0,16
2024-11-14,1145.0,1104.93,999.75,1146.95,42.9,15
2024-11-15,1135.0,1095.28,1000.0,1136.95,42.9,14
2024-11-19,1113.0,1076.83,1003.25,1114.94,42.6,11
2024-11-20,1110.0,1073.93,1003.75,1111.94,42.6,11
2024-11-21,1110.0,1073.93,1005.25,1111.95,42.6,10
2024-11-22,1108.0,1078.64,1007.0,1109.96,42.6,10
2024-11-25,1107.0,1076.56,1007.25,1108.95,42.83,10
2024-11-26,1106.0,1076.69,1007.75,1107.95,42.91,10
2024-11-27,1104.0,1074.19,1008.75,1105.95,43.075,9
2024-11-28,1103.0,1073.22,1009.25,1104.95,43.075,9
2024-11-29,1102.0,1073.35,1011.75,1103.95,43.125,9
2024-12-02,1097.0,1069.58,1011.92,1098.95,43.14,8
2024-12-03,1100.0,1071.95,1013.16,1101.95,43.2,9
2024-12-04,1103.0,1075.98,1013.25,1104.95,43.35,9
2024-12-05,1090.0,1063.3,1013.5,1091.94,43.35,8
2024-12-06,1071.0,1046.9,1013.83,1072.95,43.58,6
2024-12-09,1067.0,1048.33,1016.75,1068.95,43.77,5
2024-12-10,1077.0,1058.15,1017.25,1078.95,44.25,6
2024-12-11,1073.0,1055.3,1018.0,1074.95,44.44,5
2024-12-12,1076.0,1054.48,1019.0,1077.96,44.45,6
2024-12-13,1090.0,1070.93,1020.0,1091.95,44.5,7
2024-12-16,1115.0,1095.49,1021.2,1116.95,44.35,9
2024-12-17,1147.0,1126.93,1021.83,1148.95,44.578,12
2024-12-18,1155.0,1137.68,1022.75,1156.97,44.63,13
2024-12-19,1153.0,1136.28,1023.25,1154.97,44.63,13
2024-12-20,1155.0,1140.56,1025.41,1156.96,44.4,13
2024-12-23,1170.0,1155.38,1027.5,1171.96,44.3,14
2024-12-24,1175.0,1159.14,1027.75,1176.96,43.975,14
2024-12-26,1185.0,1170.19,1029.0,1186.96,43.85,15
2024-12-27,1185.0,1170.19,1032.0,1186.96,43.8,15
2024-12-30,1185.0,1170.19,1032.0,1186.96,43.8,15
2025-01-02,1175.0,1160.31,1033.0,1176.97,44.05,14
2025-01-03,1175.0,1160.31,1035.0,1176.97,43.95,14
2025-01-06,1185.0,1164.26,1036.5,1186.96,43.95,14
2025-01-07,1185.0,1164.26,1036.5,1186.97,43.75,14
2025-01-08,1190.0,1166.2,1036.75,1191.97,43.86,15
2025-01-09,1187.0,1163.26,1037.75,1188.97,43.728,14
2025-01-10,1190.0,1163.23,1040.0,1191.98,44.0,14
2025-01-13,1191.0,1164.2,1040.25,1192.98,44.05,14
2025-01-14,1192.0,1169.95,1041.0,1193.97,43.99,15
2025-01-15,1190.0,1167.39,1041.75,1191.97,44.013,14
2025-01-16,1190.0,1166.2,1042.25,1191.97,43.925,14
2025-01-17,1189.0,1166.41,1044.5,1190.97,43.92,14
2025-01-20,1189.0,1166.41,1045.5,1190.97,43.92,14
2025-01-21,1189.0,1167.0,1047.5,1190.96,43.7,14
2025-01-22,1188.0,1166.62,1048.0,1189.96,43.43,13
2025-01-23,1186.0,1165.84,1047.67,1187.96,43.48,13
2025-01-24,1166.0,1151.43,1049.58,1167.95,43.325,11
2025-01-27,1174.0,1159.33,1050.5,1175.95,43.45,12
2025-01-28,1176.0,1161.3,1050.92,1177.96,43.338,12
2025-01-29,1178.0,1163.28,1051.58,1179.96,43.325,12
2025-01-30,1180.0,1165.25,1052.5,1181.96,43.24,12
2025-01-31,1182.0,1167.23,1053.5,1183.97,43.215,12
2025-02-03,1191.0,1176.11,1053.92,1192.97,43.537,13
2025-02-04,1195.0,1180.06,1054.25,1196.96,43.465,13
2025-02-05,1201.0,1188.99,1054.7,1202.96,43.465,14
2025-02-06,1199.0,1188.81,1054.88,1200.96,43.423,14
2025-02-07,1200.0,1188.0,1055.85,1201.97,43.465,14
2025-02-10,1193.0,1182.86,1056.38,1194.97,43.375,13
2025-02-11,1192.0,1180.68,1056.63,1193.97,43.385,13
2025-02-12,1194.0,1184.45,1056.75,1195.96,43.385,13
2025-02-13,1196.0,1185.83,1057.45,1197.96,43.375,13
2025-02-14,1197.0,1186.83,1058.5,1198.95,43.24,13
2025-02-17,1216.0,1206.27,1059.08,1217.95,43.24,15
2025-02-18,1212.0,1204.12,1059.16,1213.96,43.18,14
2025-02-19,1215.0,1205.28,1059.38,1216.96,43.2,15
2025-02-20,1214.0,1201.86,1059.88,1215.95,43.0,15
2025-02-21,1213.0,1200.87,1060.88,1214.96,42.8,14
2025-02-24,1213.0,1204.51,1061.13,1214.96,42.7,14
2025-02-25,1214.0,1207.93,1061.63,1215.95,42.62,14
2025-02-26,1216.0,1211.14,1061.88,1217.95,42.47,15
2025-02-27,1218.0,1213.13,1062.38,1219.96,42.45,15
2025-02-28,1227.0,1223.93,1064.38,1228.96,42.66,15
2025-03-05,1234.0,1234.0,1064.38,1235.93,42.52,16
2025-03-06,1236.0,1236.0,1064.63,1237.93,42.4,16
2025-03-07,1222.0,1218.95,1066.04,1223.92,42.4,15
2025-03-10,1228.0,1224.93,1066.33,1229.92,42.35,15
2025-03-11,1230.0,1230.0,1066.67,1231.92,42.45,15
2025-03-12,1230.0,1230.0,1066.88,1231.92,42.49,15
2025-03-13,1234.0,1232.15,1067.13,1235.92,42.53,16
2025-03-14,1240.0,1238.14,1068.54,1241.92,42.35,16
2025-03-17,1255.0,1251.86,1068.92,1256.92,42.15,17
2025-03-18,1298.0,1294.76,1069.13,1299.91,42.25,21
2025-03-19,1285.0,1281.79,1069.63,1286.92,42.21,20
2025-03-20,1285.0,1281.79,1070.0,1286.92,42.23,20
2025-03-21,1289.0,1285.78,1071.33,1290.92,42.2,20
2025-03-25,1295.0,1291.76,1071.58,1296.93,42.11,21
2025-03-26,1300.0,1296.75,1072.08,1301.93,42.115,21
2025-03-27,1296.0,1292.76,1072.29,1297.93,42.12,21
2025-03-28,1310.0,1306.73,1073.38,1311.92,42.11,22
2025-03-31,1315.0,1312.37,1073.88,1316.92,42.135,22
2025-01-04,1311.0,1309.69,1074.54,1312.93,42.15,22
2025-04-03,1318.0,1317.34,1074.83,1319.91,42.05,23
2025-04-04,1334.0,1333.33,1075.88,1335.91,42.1,24
2025-04-07,1364.0,1364.0,1076.33,1365.92,42.1,27
2025-04-08,1374.0,1374.0,1076.58,1375.91,42.1,28
2025-04-09,1350.0,1350.0,1077.13,1351.91,42.1,25
2025-04-10,1365.0,1365.0,1077.38,1366.89,42.1,27
2025-04-11,1335.0,1335.0,1078.38,1336.88,42.1,24
2025-04-14,1255.0,1255.0,1182.41,1256.88,42.2,6
2025-04-15,1240.0,1236.9,1200.83,1241.89,42.0,3
2025-04-16,1180.0,1174.1,1125.0,1181.88,42.0,5
2025-04-21,1137.0,1123.92,1093.0,1138.87,42.1,4
2025-04-22,1156.0,1138.66,1105.0,1157.88,42.1,5
2025-04-23,1186.0,1165.25,1165.0,1187.88,42.1,2
2025-04-24,1200.0,1182.0,1175.0,1201.88,42.1,2
2025-04-25,1197.0,1179.05,1169.0,1198.88,42.1,2
2025-04-28,1194.0,1176.09,1178.0,1195.88,42.1,1
2025-04-29,1190.0,1173.94,1165.0,1191.88,42.1,2
2025-04-30,1190.0,1173.94,1172.0,1191.88,41.985,2
2025-05-05,1215.0,1201.03,1204.0,1216.88,41.83,1
2025-05-06,1212.0,1199.88,1195.0,1213.88,41.83,1
2025-05-07,1167.0,1155.33,1125.0,1168.89,42.83,4
2025-05-08,1156.0,1144.44,1115.0,1157.89,42.83,4
2025-05-09,1160.0,1146.08,1135.0,1161.89,41.72,2
